1,1,090-3232-9888,unknown_email01@gmail.com,1,1,1
2,2,090-3232-9889,unknown_email02@gmail.com,1,1,2
3,3,090-3232-9890,unknown_email03@gmail.com,0,0,3
4,4,090-3232-9891,unknown_email04@gmail.com,0,0,4
5,5,090-3232-9892,unknown_email05@gmail.com,1,1,5
6,6,090-3232-9893,unknown_email06@gmail.com,0,0,6
7,7,090-3232-9894,unknown_email07@gmail.com,1,1,7
8,8,090-3232-9895,unknown_email08@gmail.com,1,1,8
9,9,090-3232-9896,unknown_email09@gmail.com,0,0,9
10,10,090-3232-9897,unknown_email10@gmail.com,0,0,10
11,11,090-3232-9898,unknown_email11@gmail.com,1,1,11
12,12,090-3232-9899,unknown_email12@gmail.com,0,0,12
13,13,090-3232-9900,unknown_email13@gmail.com,1,1,13
14,14,090-3232-9901,unknown_email14@gmail.com,1,1,14
15,15,090-3232-9902,unknown_email15@gmail.com,0,0,15
16,16,090-3232-9903,unknown_email16@gmail.com,0,0,16
17,17,090-3232-9904,unknown_email17@gmail.com,1,1,17
18,18,090-3232-9905,unknown_email18@gmail.com,0,0,18
19,19,090-3232-9906,unknown_email19@gmail.com,1,1,19
20,20,090-3232-9907,unknown_email20@gmail.com,1,1,20
21,21,090-3232-9908,unknown_email21@gmail.com,0,0,21
22,22,090-3232-9909,unknown_email22@gmail.com,0,0,22
23,23,090-3232-9910,unknown_email23@gmail.com,1,1,23
24,24,090-3232-9911,unknown_email24@gmail.com,0,0,24
25,25,090-3232-9912,unknown_email25@gmail.com,1,1,25
26,26,090-3232-9913,unknown_email26@gmail.com,1,1,26
27,27,090-3232-9914,unknown_email27@gmail.com,0,0,27
28,28,090-3232-9915,unknown_email28@gmail.com,0,0,28
29,29,090-3232-9916,unknown_email29@gmail.com,1,1,29
30,30,090-3232-9917,unknown_email30@gmail.com,0,0,30