1,1,1,document1.pdf,010-2334-8599,http://url1.com,1,1,http://orderpage1.co.jp,”õl1,9:00 - 21:00,“ú—j“ú,9Œ
2,2,2,document2.pdf,010-2334-8600,http://url2.com,0,2,http://orderpage2.co.jp,”õl2,9:00 - 21:01,Œ—j“ú,10Œ
3,3,3,document3.pdf,010-2334-8601,http://url3.com,1,3,http://orderpage3.co.jp,”õl3,9:00 - 21:02,‰Î—j“ú,11Œ
4,4,4,document4.pdf,010-2334-8602,http://url4.com,0,4,http://orderpage4.co.jp,”õl4,9:00 - 21:03,…—j“ú,12Œ
5,5,5,document5.pdf,010-2334-8603,http://url5.com,1,1,http://orderpage5.co.jp,”õl5,9:00 - 21:04,–Ø—j“ú,1Œ
6,6,6,document6.pdf,010-2334-8604,http://url6.com,1,2,http://orderpage6.co.jp,”õl6,9:00 - 21:05,‹à—j“ú,2Œ
7,7,7,document7.pdf,010-2334-8605,http://url7.com,1,3,http://orderpage7.co.jp,”õl7,9:00 - 21:06,“y—j“ú,3Œ
8,8,8,document8.pdf,010-2334-8606,http://url8.com,1,4,http://orderpage8.co.jp,”õl8,9:00 - 21:07,“ú—j“ú,4Œ
9,9,9,document9.pdf,010-2334-8607,http://url9.com,1,1,http://orderpage9.co.jp,”õl9,9:00 - 21:08,Œ—j“ú,5Œ
10,10,10,document10.pdf,010-2334-8608,http://url10.com,1,2,http://orderpage10.co.jp,”õl10,9:00 - 21:09,‰Î—j“ú,6Œ
11,11,11,document11.pdf,010-2334-8609,http://url11.com,1,3,http://orderpage11.co.jp,”õl11,9:00 - 21:10,…—j“ú,7Œ
12,12,12,document12.pdf,010-2334-8610,http://url12.com,1,4,http://orderpage12.co.jp,”õl12,9:00 - 21:11,–Ø—j“ú,8Œ
13,13,13,document13.pdf,010-2334-8611,http://url13.com,1,1,http://orderpage13.co.jp,”õl13,9:00 - 21:12,‹à—j“ú,9Œ
14,14,14,document14.pdf,010-2334-8612,http://url14.com,1,2,http://orderpage14.co.jp,”õl14,9:00 - 21:13,“y—j“ú,10Œ
15,15,15,document15.pdf,010-2334-8613,http://url15.com,1,3,http://orderpage15.co.jp,”õl15,9:00 - 21:14,“ú—j“ú,11Œ
16,16,16,document16.pdf,010-2334-8614,http://url16.com,1,4,http://orderpage16.co.jp,”õl16,9:00 - 21:15,Œ—j“ú,12Œ
17,17,17,document17.pdf,010-2334-8615,http://url17.com,1,1,http://orderpage17.co.jp,”õl17,9:00 - 21:16,‰Î—j“ú,1Œ
18,18,18,document18.pdf,010-2334-8616,http://url18.com,1,2,http://orderpage18.co.jp,”õl18,9:00 - 21:17,…—j“ú,2Œ
19,19,19,document19.pdf,010-2334-8617,http://url19.com,1,3,http://orderpage19.co.jp,”õl19,9:00 - 21:18,–Ø—j“ú,3Œ
20,20,20,document20.pdf,010-2334-8618,http://url20.com,1,4,http://orderpage20.co.jp,”õl20,9:00 - 21:19,‹à—j“ú,4Œ
21,21,21,document21.pdf,010-2334-8619,http://url21.com,1,1,http://orderpage21.co.jp,”õl21,9:00 - 21:20,“y—j“ú,5Œ
22,22,22,document22.pdf,010-2334-8620,http://url22.com,1,2,http://orderpage22.co.jp,”õl22,9:00 - 21:21,“ú—j“ú,6Œ
23,23,23,document23.pdf,010-2334-8621,http://url23.com,1,3,http://orderpage23.co.jp,”õl23,9:00 - 21:22,Œ—j“ú,7Œ
24,24,24,document24.pdf,010-2334-8622,http://url24.com,1,4,http://orderpage24.co.jp,”õl24,9:00 - 21:23,‰Î—j“ú,8Œ
25,25,25,document25.pdf,010-2334-8623,http://url25.com,1,1,http://orderpage25.co.jp,”õl25,9:00 - 21:24,…—j“ú,9Œ
26,26,26,document26.pdf,010-2334-8624,http://url26.com,1,2,http://orderpage26.co.jp,”õl26,9:00 - 21:25,–Ø—j“ú,10Œ
27,27,27,document27.pdf,010-2334-8625,http://url27.com,1,3,http://orderpage27.co.jp,”õl27,9:00 - 21:26,‹à—j“ú,11Œ
28,28,28,document28.pdf,010-2334-8626,http://url28.com,1,4,http://orderpage28.co.jp,”õl28,9:00 - 21:27,“y—j“ú,12Œ
29,29,29,document29.pdf,010-2334-8627,http://url29.com,1,1,http://orderpage29.co.jp,”õl29,9:00 - 21:28,“ú—j“ú,1Œ
30,30,30,document30.pdf,010-2334-8628,http://url30.com,1,2,http://orderpage30.co.jp,”õl30,9:00 - 21:29,Œ—j“ú,2Œ